URL,Was,Now
https://grahakavach.in/home,404,301 redirect to home page
https://grahakavach.in/home/,308 -> 404,301 redirect to home page
https://grahakavach.in/fire-safety-kit-for-rented-apartments,404,404 (page does not exist)
https://grahakavach.in/fire-safety-kit-for-rented-apartments/,308 -> 404,404 (page does not exist)
https://grahakavach.in/monsoon-electrical-fire-safety,404,404 (page does not exist)
https://grahakavach.in/monsoon-electrical-fire-safety/,308 -> 404,404 (page does not exist)
https://grahakavach.in/monthly-fire-safety-checklist,404,404 (page does not exist)
https://grahakavach.in/monthly-fire-safety-checklist/,308 -> 404,404 (page does not exist)
https://grahakavach.in/complete-home-fire-safety-kit-guide,404,404 (page does not exist)
https://grahakavach.in/complete-home-fire-safety-kit-guide/,308 -> 404,404 (page does not exist)
https://grahakavach.in/automatic-fire-extinguisher-balls-home-protection,308 -> 404,404 (page does not exist)
https://grahakavach.in/automatic-fire-extinguisher-balls-home-protection/,308 -> 404,404 (page does not exist)
https://grahakavach.in/pass-technique-fire-extinguisher-guide,308 -> 404,404 (page does not exist)
https://grahakavach.in/pass-technique-fire-extinguisher-guide/,308 -> 404,404 (page does not exist)
https://grahakavach.in/why-never-use-water-on-oil-fires,308 -> 404,404 (page does not exist)
https://grahakavach.in/why-never-use-water-on-oil-fires/,308 -> 404,404 (page does not exist)
https://grahakavach.in/small-shop-fire-safety-kit,308 -> 404,404 (page does not exist)
https://grahakavach.in/small-shop-fire-safety-kit/,308 -> 404,404 (page does not exist)
https://grahakavach.in/electrical-panel-fire-prevention,308 -> 404,404 (page does not exist)
https://grahakavach.in/electrical-panel-fire-prevention/,308 -> 404,404 (page does not exist)
https://grahakavach.in/fire-blanket-use-kitchen-pan-fire,308 -> 404,404 (page does not exist)
https://grahakavach.in/fire-blanket-use-kitchen-pan-fire/,308 -> 404,404 (page does not exist)
https://grahakavach.in/fire-safety-for-elderly-family-members,308 -> 404,404 (page does not exist)
https://grahakavach.in/fire-safety-for-elderly-family-members/,308 -> 404,404 (page does not exist)
https://grahakavach.in/hello-world,308 -> 404,404 (page does not exist)
https://grahakavach.in/hello-world/,308 -> 404,404 (page does not exist)
https://grahakavach.in/home-fire-risk-zones-india,308 -> 404,404 (page does not exist)
https://grahakavach.in/home-fire-risk-zones-india/,308 -> 404,404 (page does not exist)
https://grahakavach.in/lpg-cylinder-fire-safety-home,308 -> 404,404 (page does not exist)
https://grahakavach.in/lpg-cylinder-fire-safety-home/,308 -> 404,404 (page does not exist)
https://grahakavach.in/where-to-place-fire-extinguisher-at-home,308 -> 404,404 (page does not exist)
https://grahakavach.in/where-to-place-fire-extinguisher-at-home/,308 -> 404,404 (page does not exist)
https://grahakavach.in/blog/hello-world,200 (WordPress sample post),404 (removed)
https://grahakavach.in/hello-world/,308 -> 404,404 (removed)